{"total_agents": 300, "unreachable": 0, "avg_distance": 2977.3478163422765, "min_distance": 78.50726372175882, "max_distance": 8834.229282385697, "modes": {"drive": {"count": 187, "reachable_count": 187, "unreachable": 0, "total_distance": 732568.5321526144, "min_distance": 78.50726372175882, "max_distance": 8834.229282385697, "avg_distance": 3917.4787815647833}, "tram": {"count": 103, "reachable_count": 103, "unreachable": 0, "total_distance": 120666.95267465852, "min_distance": 632.7411287902626, "max_distance": 1813.4776481362496, "avg_distance": 1171.5238123753254}, "cycle": {"count": 10, "reachable_count": 10, "unreachable": 0, "total_distance": 39968.86007540961, "min_distance": 317.53061060750434, "max_distance": 7563.34061598413, "avg_distance": 3996.886007540961}}, "by_mode": {"drive": {"avg": 3917.4787815647833, "max": 8834.229282385697, "count": 187}, "tram": {"avg": 1171.5238123753254, "max": 1813.4776481362496, "count": 103}, "cycle": {"avg": 3996.886007540961, "max": 7563.34061598413, "count": 10}}}