{"total_agents": 300, "unreachable": 0, "avg_distance": 2965.1632495472404, "min_distance": 373.53661779956155, "max_distance": 8400.619115940111, "modes": {"drive": {"count": 193, "reachable_count": 193, "unreachable": 0, "total_distance": 736337.417271753, "min_distance": 373.53661779956155, "max_distance": 8400.619115940111, "avg_distance": 3815.2197786101187}, "tram": {"count": 96, "reachable_count": 96, "unreachable": 0, "total_distance": 113876.29173443472, "min_distance": 632.7411287902626, "max_distance": 1813.4776481362496, "avg_distance": 1186.211372233695}, "cycle": {"count": 11, "reachable_count": 11, "unreachable": 0, "total_distance": 39335.26585798394, "min_distance": 1092.741138456198, "max_distance": 7300.6928992681005, "avg_distance": 3575.933259816722}}, "by_mode": {"drive": {"avg": 3815.2197786101187, "max": 8400.619115940111, "count": 193}, "tram": {"avg": 1186.211372233695, "max": 1813.4776481362496, "count": 96}, "cycle": {"avg": 3575.933259816722, "max": 7300.6928992681005, "count": 11}}}