{"total_agents": 300, "unreachable": 0, "avg_distance": 3108.4289888955486, "min_distance": 402.3919414727062, "max_distance": 9247.426235933304, "modes": {"tram": {"count": 98, "reachable_count": 98, "unreachable": 0, "total_distance": 121045.45658874519, "min_distance": 632.7411287902626, "max_distance": 1813.4776481362496, "avg_distance": 1235.1577202933183}, "drive": {"count": 195, "reachable_count": 195, "unreachable": 0, "total_distance": 775333.6473373823, "min_distance": 402.3919414727062, "max_distance": 9247.426235933304, "avg_distance": 3976.06998634555}, "cycle": {"count": 7, "reachable_count": 7, "unreachable": 0, "total_distance": 36149.59274253758, "min_distance": 3654.1695744322415, "max_distance": 6136.983235326365, "avg_distance": 5164.227534648226}}, "by_mode": {"tram": {"avg": 1235.1577202933183, "max": 1813.4776481362496, "count": 98}, "drive": {"avg": 3976.06998634555, "max": 9247.426235933304, "count": 195}, "cycle": {"avg": 5164.227534648226, "max": 6136.983235326365, "count": 7}}}