{"total_agents": 300, "unreachable": 0, "avg_distance": 3988.87971399582, "min_distance": 25.94058680818015, "max_distance": 9627.158345773576}