{"total_agents": 300, "unreachable": 0, "avg_distance": 2815.14698824076, "min_distance": 64.95889732969013, "max_distance": 7961.384349437622, "modes": {"drive": {"count": 179, "reachable_count": 179, "unreachable": 0, "total_distance": 653805.9154616835, "min_distance": 64.95889732969013, "max_distance": 7961.384349437622, "avg_distance": 3652.547013752422}, "tram": {"count": 109, "reachable_count": 109, "unreachable": 0, "total_distance": 142174.44723758986, "min_distance": 632.7411287902626, "max_distance": 1813.4776481362496, "avg_distance": 1304.3527269503656}, "cycle": {"count": 12, "reachable_count": 12, "unreachable": 0, "total_distance": 48563.73377295522, "min_distance": 2283.542945142845, "max_distance": 7185.162486165204, "avg_distance": 4046.9778144129345}}, "by_mode": {"drive": {"avg": 3652.547013752422, "max": 7961.384349437622, "count": 179}, "tram": {"avg": 1304.3527269503656, "max": 1813.4776481362496, "count": 109}, "cycle": {"avg": 4046.9778144129345, "max": 7185.162486165204, "count": 12}}}