{"total_agents": 300, "unreachable": 0, "avg_distance": 3737.5326954008196, "min_distance": 278.8987241011395, "max_distance": 8792.245658230719}