{"total_agents": 300, "unreachable": 0, "avg_distance": 2966.572978123629, "min_distance": 632.7411287902626, "max_distance": 7972.392092370584, "modes": {"drive": {"count": 187, "reachable_count": 187, "unreachable": 0, "total_distance": 719398.455790201, "min_distance": 700.3039916249078, "max_distance": 7972.392092370584, "avg_distance": 3847.0505657229996}, "tram": {"count": 99, "reachable_count": 99, "unreachable": 0, "total_distance": 119316.72467884347, "min_distance": 632.7411287902626, "max_distance": 1813.4776481362496, "avg_distance": 1205.2194412004392}, "cycle": {"count": 14, "reachable_count": 14, "unreachable": 0, "total_distance": 51256.71296804381, "min_distance": 1711.5350884201885, "max_distance": 7045.045063116641, "avg_distance": 3661.1937834317005}}, "by_mode": {"drive": {"avg": 3847.0505657229996, "max": 7972.392092370584, "count": 187}, "tram": {"avg": 1205.2194412004392, "max": 1813.4776481362496, "count": 99}, "cycle": {"avg": 3661.1937834317005, "max": 7045.045063116641, "count": 14}}}