{"total_agents": 300, "unreachable": 0, "avg_distance": 2830.4375954543652, "min_distance": 104.61309998331313, "max_distance": 7579.486947721178, "modes": {"drive": {"count": 182, "reachable_count": 182, "unreachable": 0, "total_distance": 682235.6083313001, "min_distance": 104.61309998331313, "max_distance": 7579.486947721178, "avg_distance": 3748.547298523627}, "tram": {"count": 105, "reachable_count": 105, "unreachable": 0, "total_distance": 124293.90797093103, "min_distance": 632.7411287902626, "max_distance": 1813.4776481362496, "avg_distance": 1183.7515044850575}, "cycle": {"count": 13, "reachable_count": 13, "unreachable": 0, "total_distance": 42601.7623340789, "min_distance": 967.2052244635016, "max_distance": 5623.308950503602, "avg_distance": 3277.0586410829924}}, "by_mode": {"drive": {"avg": 3748.547298523627, "max": 7579.486947721178, "count": 182}, "tram": {"avg": 1183.7515044850575, "max": 1813.4776481362496, "count": 105}, "cycle": {"avg": 3277.0586410829924, "max": 5623.308950503602, "count": 13}}}